{"graph": [[0.0, 0.7151773535954528, 0.20009717597319787, 0.3190853810046883, 0.7621295921940271, 0.3395531737131017, 0.4101728304437424, 0.13883289125942244, 0.730128546349023, 0.8225218636534911], [0.7151773535954528, 0.0, 0.7757248235482176, 0.23525566396467767, 0.0848226154013193, 0.7616938251034759, 0.1496742685451311, 0.572524786836957, 0.8755681751045085, 0.023905527863895215], [0.20009717597319787, 0.7757248235482176, 0.0, 0.680099172978119, 0.3731526276283841, 0.20262928098942068, 0.7829735234736053, 0.6315038315582354, 0.22142968771124827, 0.028315414193276878], [0.3190853810046883, 0.23525566396467767, 0.680099172978119, 0.0, 0.34053556305286303, 0.433655306241596, 0.8322141119261701, 0.2796904421950993, 0.807743761447517, 0.7214784137013394], [0.7621295921940271, 0.0848226154013193, 0.3731526276283841, 0.34053556305286303, 0.0, 0.44723883184224345, 0.4837491435648362, 0.9697829252280784, 0.7097645543216097, 0.25992261360640534], [0.3395531737131017, 0.7616938251034759, 0.20262928098942068, 0.433655306241596, 0.44723883184224345, 0.0, 0.6613571731940325, 0.9741054079626719, 0.7908193357363561, 0.2312451931666032], [0.4101728304437424, 0.1496742685451311, 0.7829735234736053, 0.8322141119261701, 0.4837491435648362, 0.6613571731940325, 0.0, 0.9565555040228859, 0.971142411294585, 0.45955160526655825], [0.13883289125942244, 0.572524786836957, 0.6315038315582354, 0.2796904421950993, 0.9697829252280784, 0.9741054079626719, 0.9565555040228859, 0.0, 0.17982053356215677, 0.12265532399221013], [0.730128546349023, 0.8755681751045085, 0.22142968771124827, 0.807743761447517, 0.7097645543216097, 0.7908193357363561, 0.971142411294585, 0.17982053356215677, 0.0, 0.9601184857878244], [0.8225218636534911, 0.023905527863895215, 0.028315414193276878, 0.7214784137013394, 0.25992261360640534, 0.2312451931666032, 0.45955160526655825, 0.12265532399221013, 0.9601184857878244, 0.0]], "start_node": 8}
