{"graph": [[0.0, 0.30632270341917045, 0.4621629877301019, 0.5466892738755711, 0.592611613943869, 0.7672794123604357, 0.33880743437015703, 0.8397862293248048, 0.5623498602748077, 0.05967052148512808, 0.8998623353869967], [0.30632270341917045, 0.0, 0.8416107125772355, 0.49134499306187684, 0.6773594421411372, 0.5125075860246612, 0.93601383157215, 0.1336890890765554, 0.2528921875279665, 0.20146403990481798, 0.1489572689730998], [0.4621629877301019, 0.8416107125772355, 0.0, 0.8382907103414085, 0.3638225923505434, 0.8652886358520816, 0.33790016828152947, 0.52075056061922, 0.4154329455428688, 0.6095811517554046, 0.9531446104428538], [0.5466892738755711, 0.49134499306187684, 0.8382907103414085, 0.0, 0.9668323821876, 0.9349660078004418, 0.2275434571121917, 0.515322516214232, 0.6496517425576747, 0.6904887745431694, 0.1868762137737796], [0.592611613943869, 0.6773594421411372, 0.3638225923505434, 0.9668323821876, 0.0, 0.9642156039649695, 0.17334785858402557, 0.9908271363907462, 0.4021073229552966, 0.08989638253059451, 0.7368291079834568], [0.7672794123604357, 0.5125075860246612, 0.8652886358520816, 0.9349660078004418, 0.9642156039649695, 0.0, 0.8110257288639899, 0.6359192304268827, 0.3960901515281956, 0.8239742176035105, 0.6951311171729262], [0.33880743437015703, 0.93601383157215, 0.33790016828152947, 0.2275434571121917, 0.17334785858402557, 0.8110257288639899, 0.0, 0.30568685565725995, 0.3232009269319679, 0.5437014846399423, 0.5714989056410996], [0.8397862293248048, 0.1336890890765554, 0.52075056061922, 0.515322516214232, 0.9908271363907462, 0.6359192304268827, 0.30568685565725995, 0.0, 0.488779067799923, 0.8823391815427581, 0.9790298558952627], [0.5623498602748077, 0.2528921875279665, 0.4154329455428688, 0.6496517425576747, 0.4021073229552966, 0.3960901515281956, 0.3232009269319679, 0.488779067799923, 0.0, 0.4231456150695675, 0.3215936481599061], [0.05967052148512808, 0.20146403990481798, 0.6095811517554046, 0.6904887745431694, 0.08989638253059451, 0.8239742176035105, 0.5437014846399423, 0.8823391815427581, 0.4231456150695675, 0.0, 0.29699135212662686], [0.8998623353869967, 0.1489572689730998, 0.9531446104428538, 0.1868762137737796, 0.7368291079834568, 0.6951311171729262, 0.5714989056410996, 0.9790298558952627, 0.3215936481599061, 0.29699135212662686, 0.0]], "start_node": 10}
