{"graph": [[0.0, 0.3260275570200547, 0.2794046951345105, 0.6603051946484975, 0.3346160690275588, 0.1898725176892917, 0.37839482569669525, 0.7223631909022371, 0.30060198048365194], [0.3260275570200547, 0.0, 0.08807651500848734, 0.883394430065225, 0.829314114261946, 0.8763739873911478, 0.25585498245398497, 0.9501148086766034, 0.3037977034776913], [0.2794046951345105, 0.08807651500848734, 0.0, 0.840303233485875, 0.5147621995434006, 0.7492973184037621, 0.5536500051596526, 0.3028688917814688, 0.425058322391352], [0.6603051946484975, 0.883394430065225, 0.840303233485875, 0.0, 0.10951368108859227, 0.6807325933612046, 0.27274278195996393, 0.24242159913859518, 0.6288676613313391], [0.3346160690275588, 0.829314114261946, 0.5147621995434006, 0.10951368108859227, 0.0, 0.44990533076038475, 0.26701650865915594, 0.19203259363115288, 0.18759846272378722], [0.1898725176892917, 0.8763739873911478, 0.7492973184037621, 0.6807325933612046, 0.44990533076038475, 0.0, 0.7665963358734856, 0.9644201123459009, 0.5959448168338375], [0.37839482569669525, 0.25585498245398497, 0.5536500051596526, 0.27274278195996393, 0.26701650865915594, 0.7665963358734856, 0.0, 0.5196537172306556, 0.739612978253447], [0.7223631909022371, 0.9501148086766034, 0.3028688917814688, 0.24242159913859518, 0.19203259363115288, 0.9644201123459009, 0.5196537172306556, 0.0, 0.05953533601119798], [0.30060198048365194, 0.3037977034776913, 0.425058322391352, 0.6288676613313391, 0.18759846272378722, 0.5959448168338375, 0.739612978253447, 0.05953533601119798, 0.0]], "start_node": 7}
